{"airport_name": 0.05172413793103448, "aircraft_make_model": 0.07471264367816093, "effect_amount_of_damage": 0.017241379310344827, "flight_date": 0.011494252873563218, "aircraft_airline_operator": 0.05172413793103448, "origin_state": 0.20114942528735633, "when_phase_of_flight": 0.0, "wildlife_size": 0.05747126436781609, "wildlife_species": 0.017241379310344827, "when_time_of_day": 0.19540229885057472, "cost_other": 0.10344827586206896, "cost_repair": 0.05747126436781609, "cost_total_a": 0.05747126436781609, "speed_ias_in_knots": 0.10344827586206896}