{"airport_name": 0.0736196319018405, "aircraft_make_model": 0.05521472392638037, "effect_amount_of_damage": 0.03680981595092025, "flight_date": 0.06748466257668712, "aircraft_airline_operator": 0.06748466257668712, "origin_state": 0.09202453987730061, "when_phase_of_flight": 0.024539877300613498, "wildlife_size": 0.08588957055214724, "wildlife_species": 0.06134969325153374, "when_time_of_day": 0.09202453987730061, "cost_other": 0.09815950920245399, "cost_repair": 0.0736196319018405, "cost_total_a": 0.10429447852760736, "speed_ias_in_knots": 0.06748466257668712}