{"airport_name": 0.0658682634730539, "aircraft_make_model": 0.05389221556886228, "effect_amount_of_damage": 0.041916167664670656, "flight_date": 0.0658682634730539, "aircraft_airline_operator": 0.09580838323353294, "origin_state": 0.11377245508982035, "when_phase_of_flight": 0.05389221556886228, "wildlife_size": 0.0658682634730539, "wildlife_species": 0.029940119760479042, "when_time_of_day": 0.1437125748502994, "cost_other": 0.0718562874251497, "cost_repair": 0.059880239520958084, "cost_total_a": 0.0718562874251497, "speed_ias_in_knots": 0.0658682634730539}