{"airport_name": 0.049079754601226995, "aircraft_make_model": 0.09815950920245399, "effect_amount_of_damage": 0.06134969325153374, "flight_date": 0.049079754601226995, "aircraft_airline_operator": 0.09202453987730061, "origin_state": 0.06134969325153374, "when_phase_of_flight": 0.05521472392638037, "wildlife_size": 0.05521472392638037, "wildlife_species": 0.06134969325153374, "when_time_of_day": 0.0736196319018405, "cost_other": 0.12269938650306748, "cost_repair": 0.0736196319018405, "cost_total_a": 0.07975460122699386, "speed_ias_in_knots": 0.06748466257668712}