{"airport_name": 0.1333333333333333, "aircraft_make_model": 0.1333333333333333, "effect_amount_of_damage": 0.0, "flight_date": 0.06666666666666665, "aircraft_airline_operator": 0.0, "origin_state": 0.06666666666666665, "when_phase_of_flight": 0.1333333333333333, "wildlife_size": 0.0, "wildlife_species": 0.06666666666666665, "when_time_of_day": 0.0, "cost_other": 0.06666666666666665, "cost_repair": 0.1333333333333333, "cost_total_a": 0.1333333333333333, "speed_ias_in_knots": 0.06666666666666665}